2,https://gradaustralia.com.au/graduate-employers/accenture,Accenture, Whatever your degree there will be a career here to match. We work with clients in just about every industry providing solutions to their challenges. Whether it s working with clients in the financial services sector helping a global mining company in resources or providing digital advice for a client in the technology sector everything we do is focused on improving performance and maximising opportunity. ,"IT, technology and telecoms / Management consulting",2016-08-22 16:30:01
3,https://gradaustralia.com.au/graduate-employers/aecom,AECOM, Our Growing Professional Skills GPS graduate program is designed to help you bridge the gap between formal education and the workplace. The GPS program is spread across three years and comprises a range of core competencies and recommended training. As part of the program we work with you to develop a plan set your goals and the actions required to achieve them. With their collaborative thinking bold use of technology and appetite for delivering solutions to complex challenges graduates are pivotal to keeping our business energised and fit for the future. ,"Civil engineering, building services and construction / Engineering services, design and manufacturing",2016-08-22 16:30:03
4,https://gradaustralia.com.au/graduate-employers/aig,AIG, AIG Australia Ltd is a general insurance company and part of the global American International Group. Insurance at AIG is all about assessing risk and making difficult promises and keeping them. Since risk is all around us insurance is everywhere too. Globally we deliver on our promise by helping our clients plan for the future recover from loss and retire with confidence. At AIG we are firmly committed to balancing your professional development and your career aspirations. ,"Accountancy and financial management / Banking, financial services and insurance / Retail, sales and customer services",2016-08-22 16:30:05
5,https://gradaustralia.com.au/graduate-employers/akuna-capital-llc,Akuna Capital LLC, Akuna Capital is a proprietary trading firm located in Chicago in the heart of the options trading industry. We offer exciting opportunities in divisions including Trading Development and Quantitative Analysis. Starting from small but determined beginnings Akuna Capital proudly retains the spirit of an entrepreneurial start up. We value a team based approach to trading and software development and believe an effective integration of the two groups is vital to our success in this industry. ,"Accountancy and financial management / Banking, financial services and insurance / Investment banking and investment / IT, technology and telecoms / Retail, sales and customer services",2016-08-22 16:30:07
6,https://gradaustralia.com.au/graduate-employers/aldi,ALDI, At ALDI we are changing the face of retail for Australian families making a real difference to the lives of our customers and our people. As the nation’s low price grocery leader our business model is built on creating efficiencies at every level so that we can provide Australian’s with the best value product at all times. Our people make this possible because they are engaged energetic and positive. We are creating a culture that cares for you respects you and supports your personal development. ,"Accountancy and financial management / Consumer goods, manufacturing and marketing / Media, marketing, advertising and PR / Retail, sales and customer services",2016-08-22 16:30:08
7,https://gradaustralia.com.au/graduate-employers/allegis-group,Allegis Group, We are Allegis Group a global recruitment company that’s shaping the world of talent in Asia Pacific through our specialist recruitment brands sitting across eight countries in APAC Australia China Hong Kong India Japan Malaysia New Zealand and Singapore . ,"Human resources, recruitment and training / Retail, sales and customer services",2016-08-22 16:30:10
8,https://gradaustralia.com.au/graduate-employers/allens,Allens, At Allens you ll drive your career working with market leaders on premium work for top clients. We advise 55 of the world s and 75 of Australia s top 100 companies. Through an integrated alliance with Linklaters our clients have access to a global network of 40 offices across 29 countries including emerging markets in Africa Asia and South America. Opportunities for Graduates ,Law,2016-08-22 16:30:12
9,https://gradaustralia.com.au/graduate-employers/ansto,ANSTO, About ANSTO The Australian Nuclear Science and Technology Organisation ANSTO offer a unique and exciting opportunity to work alongside and be inspired by some of Australia’s leading researchers. Thousands of Australians benefit from the work undertaken at ANSTO every year. Our researchers use nuclear techniques to help answer some of the important questions facing society today. We are addressing challenges such as understanding our environment supporting human health providing innovation for industry and researching the nuclear fuel cycle. ,"Engineering services, design and manufacturing / Environment, natural resources and agriculture / IT, technology and telecoms / Public services and utilities / Science, research and development",2016-08-22 16:30:14
10,https://gradaustralia.com.au/graduate-employers/anz,ANZ, Our history dates back over 175 years. We are committed to building lasting partnerships with our customers shareholders and communities in 33 countries in Australia New Zealand throughout Asia and the Pacific and in the Middle East Europe and America. We provide a range of banking and financial products and services to over 9 million customers. Connecting you to a world of opportunity. The ANZ Vision ,"Accountancy and financial management / Banking, financial services and insurance / IT, technology and telecoms",2016-08-22 16:30:16
11,https://gradaustralia.com.au/graduate-employers/ashurst,Ashurst, Move your mind Aim beyond pure legal knowledge. Beyond commercial advice. Be known for something more a clarity of thought and an instinct for problem solving that can influence leading businesses and organisations the world over. Easy Hardly. Our ambition as a firm means we need people with a rare kind of mindset an openness to the way you work an agility to the way you think and a strong desire to keep evolving as a professional. ,Law,2016-08-22 16:30:18
12,https://gradaustralia.com.au/graduate-employers/australian-defence-force-adf,Australian Defence Force (ADF), The Australian Defence Force ADF is the largest employer of graduates in Australia offering over 50 different career positions to those looking to put their skills to the test. ,Public services and utilities / Teaching and education,2016-08-22 16:30:19
13,https://gradaustralia.com.au/graduate-employers/australian-national-audit-office-anao,Australian National Audit Office (ANAO), As the external auditor of the Australian Government public sector the ANAO provides an independent view of the performance and financial management of Australian Government entities. This gives staff the opportunity to assist in the improvement of financial reporting program management and information systems within the public sector. The ANAO has three key areas with graduate career opportunities. Assurance Audit Services Group ,"Accountancy and financial management / IT, technology and telecoms / Public services and utilities",2016-08-22 16:30:21
14,https://gradaustralia.com.au/graduate-employers/australian-taxation-office,Australian Taxation Office, As an ATO grad you’ll be part of something big. From day one you’ll join our reinvention challenging and transforming the way we operate. With other professionals you’ll help shape a world leading tax and super administration known for its contemporary services expertise and integrity. Our journey demands the right company thinkers with the energy courage and resilience to make a difference. We offer unique experiences you can take with you on your career path wherever that may lead. Where could we take you ,"Accountancy and financial management / IT, technology and telecoms / Public services and utilities",2016-08-22 16:30:22
15,https://gradaustralia.com.au/graduate-employers/bae-systems,BAE Systems, Whilst you were studying day after day for many years what did you dream of Was it to join a highly respected and exciting organisation Was it to learn and grow Was it about making a difference and having an impact Was it to be respected for the contribution you would make Was it to channel your passion and your interests into a fulfilling and rewarding career You’ll find all of that and inspired work at BAE Systems Australia. ,"Accountancy and financial management / Engineering services, design and manufacturing / IT, technology and telecoms / Science, research and development",2016-08-22 16:30:24
16,https://gradaustralia.com.au/graduate-employers/bankwest,Bankwest, We’re looking for Graduates and Summer Interns from a wide range of disciplines who are passionate about developing their skills taking hold of opportunities and meeting our customers needs. As a Graduate or Intern with Bankwest you’ll be part of the wider Commonwealth Bank Group program. What can you expect as a Graduate or Summer Intern Contribute from day one. You’ll be given real work that impacts our business and our customers. Receive training and development. ,"Accountancy and financial management / Banking, financial services and insurance / IT, technology and telecoms",2016-08-22 16:30:26
17,https://gradaustralia.com.au/graduate-employers/bdo,BDO, There are many world class accounting firms however few offer a culture as rich in professional opportunity personal fulfilment and long term growth. At BDO exceptional client service underpins our belief system and all aspects of service delivery to our clients. BDO is the fifth largest full service audit tax and advisory firm in the world. We have more than 60 000 people across 1 328 offices in over 152 territories. ,Accountancy and financial management,2016-08-22 16:30:27
18,https://gradaustralia.com.au/graduate-employers/bendigo-and-adelaide-bank-group,Bendigo and Adelaide Bank Group, Bendigo and Adelaide Bank and its subsidiaries Rural Bank Rural Finance and Delphi Bank will all be offering graduate opportunities. Successful Graduates will join a specific Bank division and have 3 4 rotations across a specific Division to see through a more holistic lens before attaining their landing role. Graduates can look forward to ,"Accountancy and financial management / Banking, financial services and insurance / IT, technology and telecoms",2016-08-22 16:30:30
19,https://gradaustralia.com.au/graduate-employers/bhp-billiton,BHP Billiton‎, About BHP Billiton We are a leading global resources company. Our purpose is to create long term shareholder value through the discovery acquisition development and marketing of natural resources. We take pride in being a world class company who supplies the resources that help improve the lives of millions. Undergraduate opportunities ,"Banking, financial services and insurance / Engineering services, design and manufacturing / Mining, energy, oil and gas / Science, research and development",2016-08-22 16:30:31
20,https://gradaustralia.com.au/graduate-employers/bloomberg-lp,Bloomberg L.P., Bloomberg connects influential decision makers to a dynamic network of information people and ideas. Our strength quickly and accurately delivering data news and analytics through innovative technology is at the core of everything we do. With over 15 500 employees in 192 locations we deliver business and financial information news and insight around the world. ,"Banking, financial services and insurance / IT, technology and telecoms / Media, marketing, advertising and PR",2016-08-22 16:30:33
21,https://gradaustralia.com.au/graduate-employers/boeing-defence-australia,Boeing Defence Australia, Boeing is where you can begin your career collaborating with amazing people on amazing products. At Boeing Defence Australia the largest international subsidiary of the world’s largest aerospace company we aim to inspire our graduates by giving them opportunities to work on cutting edge projects that are helping transform the future of the Australian Defence Force. ,"Engineering services, design and manufacturing / Science, research and development",2016-08-22 16:30:34
22,https://gradaustralia.com.au/graduate-employers/bp-australia,BP Australia , OUR COMPANY Think about it. Heat. Light. Power. Mobility. Chemicals and materials to make the products that define modern life. All are made possible by oil and gas. As demand for them continues to grow delivering that oil and gas sustainably and at a reasonable cost remains one of the biggest challenges in the world today. ,"Engineering services, design and manufacturing / Mining, energy, oil and gas / Science, research and development",2016-08-22 16:30:36
23,https://gradaustralia.com.au/graduate-employers/brookfield-multiplex,Brookfield Multiplex, OVER 850 CURRENT AND COMPLETED PROJECTS US 61 BILLION WORKS COMPLETED IN EXCESS OF 598 AWARDS 4 698 PEOPLE ONE TEAM ,"Civil engineering, building services and construction / Engineering services, design and manufacturing",2016-08-22 16:30:38
24,https://gradaustralia.com.au/graduate-employers/caltex-australia,Caltex Australia, When it comes to Australian fuel and convenience networks it doesn’t get much bigger or exciting than Caltex. We are the leading transport fuel supplier in Australia and the only locally managed ASX listed fuel company. Our business value chain serves a diverse range of Australia’s fuel transportation needs through supply refining logistics and marketing. ,"Mining, energy, oil and gas / Science, research and development",2016-08-22 16:30:40
25,https://gradaustralia.com.au/graduate-employers/canstar,Canstar, Canstar’s first responsibility is to consumers and we take pride in helping consumers make purchasing decisions whether they are looking to take out a home loan or searching for a dishwasher with Canstar research you can be sure you are making the right decision. We have been around for over 20 years and over 3 million Australians visited our websites last year with 1 in 2 Australians now recognising the Canstar brand plus we have even bigger growth plans for the future. ,"Accountancy and financial management / Banking, financial services and insurance / Media, marketing, advertising and PR",2016-08-22 16:30:42
26,https://gradaustralia.com.au/graduate-employers/chartered-accountants-australia-and-new-zealand,Chartered Accountants Australia and New Zealand, What does your pathway to success as a future leader in business and finance look like Setting up your own business working overseas improving the finances of families in your community helping to make a difference in a not for profit organisation or making business decisions for a top global brand ,Accountancy and financial management,2016-08-22 16:30:43
27,https://gradaustralia.com.au/graduate-employers/cisco,Cisco, We’re building the best team so we can continue to connect the unconnected and change the way the world works lives plays and learns. Working together and sharing ideas we innovate our customers’ businesses all over the world. Our partners and customers demand the best from their technology and we are up for the challenge. Are you Opportunities Across Cisco No matter the team you will work with colleagues who are smart passionate and diverse. Just like you. ,"IT, technology and telecoms",2016-08-22 16:30:46
28,https://gradaustralia.com.au/graduate-employers/clayton-utz,Clayton Utz, Staying true to your direction is what defines Clayton Utz. At Clayton Utz we ve built a team of down to earth collaborative lawyers who know that at the heart of exceptional client service is knowing what your client needs. We offer the sharpest legal minds. The clearest advice that cuts through the complexity so our clients can concentrate on the things that really matter. And an unshakeable sense of what’s possible. ,Law,2016-08-22 16:30:47
29,https://gradaustralia.com.au/graduate-employers/coates-hire,Coates Hire, Our Story ,"Civil engineering, building services and construction / Retail, sales and customer services",2016-08-22 16:30:49
30,https://gradaustralia.com.au/graduate-employers/cochlear,Cochlear, Cochlear Limited is the global leader in implantable hearing solutions for the hearing impaired. ,"Engineering services, design and manufacturing / IT, technology and telecoms / Science, research and development",2016-08-22 16:30:51
31,https://gradaustralia.com.au/graduate-employers/coles,Coles, Coles is one of Australia’s major retailers providing fresh food groceries general merchandise liquor and fuel to millions of customers every week. Coles is proudly Australian with a heritage dating back to 1914. Across Australia Coles employs over 100 000 team members and serves around 20 million customers each week at its 2 300 sites which include supermarkets convenience stores liquor stores and hotels. We offer two different graduate programs to suit all skills and interests both in our Melbourne Store Support Centre and in our stores all around Australia ,"Accountancy and financial management / Banking, financial services and insurance / Consumer goods, manufacturing and marketing / Human resources, recruitment and training / IT, technology and telecoms / Media, marketing, advertising and PR / Retail, sales and customer services",2016-08-22 16:30:53
32,https://gradaustralia.com.au/graduate-employers/commonwealth-bank,Commonwealth Bank, What can you expect as a Graduate or Summer Intern Contribute from day one. You’ll be given real work that impacts our business and our customers. Receive training and development. You’ll receive formal training for technical and soft skill development both relevant to the whole Group and to your specific business area. ,"Accountancy and financial management / Banking, financial services and insurance / IT, technology and telecoms",2016-08-22 16:30:55
33,https://gradaustralia.com.au/graduate-employers/corrs-chambers-westgarth,Corrs Chambers Westgarth, About Corrs Corrs Chambers Westgarth is a premium independent law firm. We emphasise the independent part because it’s important to who we are and how we work. Independence isn’t just a description of our position in the market it also describes how we think our innovative style and bold decision making. Our vision as a world class law firm is to drive Australia’s competitiveness and economic engagement with Asia. We are based in Australia and operate internationally wherever our clients need our services. ,Law,2016-08-22 16:30:57
34,https://gradaustralia.com.au/graduate-employers/credit-suisse,Credit Suisse, Credit Suisse provides Private Banking Wealth Management services and Investment Banking advisory services and expertise to companies institutions and high net worth clients globally. A stable company with a long banking tradition we are one of the most respected banks in the world and are a leading player in many key markets. ,"Banking, financial services and insurance / Investment banking and investment",2016-08-22 16:30:58
35,https://gradaustralia.com.au/graduate-employers/csc,CSC, A global leader of next generation IT services and solutions. CSC develops smart technology enabled solutions to solve our clients’ toughest challenges demonstrating a commitment to excellence and passion for exceeding expectations. ,"IT, technology and telecoms",2016-08-22 16:31:00
36,https://gradaustralia.com.au/graduate-employers/deloitte,Deloitte, As the 1 Professional Services firm globally we pride ourselves on our playful culture with serious intent . We’re in the business of solving complex client problems and we believe this can’t be achieved without thinking outside the box and working in an enjoyable environment. Find Your Fit at Deloitte. Applications will close for each area as we fill roles so to avoid missing out submit your application now ,"Accountancy and financial management / Banking, financial services and insurance / IT, technology and telecoms / Management consulting",2016-08-22 16:31:02
37,https://gradaustralia.com.au/graduate-employers/department-of-communications-and-the-arts,Department of Communications and the Arts, As a uniquely small government department we re a flexible agile and diverse workforce empowered by smarter technology. We work in an exciting fast moving sector. We develop policy provide advice analysis and deliver programmes that make digital technologies and communications services better for all Australians and enhance our cultural identity. ,"Creative arts and culture / IT, technology and telecoms / Public services and utilities",2016-08-22 16:31:04
38,https://gradaustralia.com.au/graduate-employers/department-of-defence,Department of Defence, The Department of Defence offers civilian graduate positions that will see you contribute to protecting Australia and our national interests Want to make a difference The Department of Defence is seeking graduates from across all academic disciplines to take up the challenge of working for one of Australia s most dynamic organisations with a mission of national and international significance. ,Public services and utilities,2016-08-22 16:31:05
39,https://gradaustralia.com.au/graduate-employers/department-of-education-and-training,Department of Education and Training, The Australian Government Department of Education and Training is responsible for national policies and programmes that help Australians access quality and affordable child care and early childhood education school education higher education vocational education and training international education and research. We are committed to providing easy and informative access to our services and support programmes and work directly with our clients and stakeholders to ensure expectations are met. ,Public services and utilities / Teaching and education,2016-08-22 16:31:07
40,https://gradaustralia.com.au/graduate-employers/department-of-foreign-affairs-and-trade,Department of Foreign Affairs and Trade, DFAT has many strengths as a department its greatest are its people. Talented people who are dedicated work hard and are prepared to go the extra mile. DFAT officers a policy program and a management corporate program. Graduates work in Canberra and then become eligible for apply for an overseas posting. The opportunity Your career will advance the interests of Australia and Australians internationally. Our ideal candidate ,"Human resources, recruitment and training / Law / Public services and utilities",2016-08-22 16:31:09
41,https://gradaustralia.com.au/graduate-employers/department-of-health,Department of Health, Whatever we do in life good health is the single biggest factor in our wellbeing. The Australian Department of Health is the chief steward of Australia’s health and aged care system and sporting programmes. Right now we are in an exciting period of reform and change. The way that patients and consumers experience health care including mental health care is being transformed. ,"Health and social care / Public services and utilities / Science, research and development",2016-08-22 16:31:11
42,https://gradaustralia.com.au/graduate-employers/department-of-infrastructure-and-regional-development,Department of Infrastructure and Regional Development, There’s a reason why the Department of Infrastructure and Regional Development was voted as the number one Government Employer and ranked 5th overall in the Top 75 Graduate Employers of Australia AAGE 2015 . It’s because as a graduate you are the driver of change you get to try new things and are not pigeonholed by your degree. Our program is flexible and our work is diverse. It’s Your Vision Australia’s Future ,"Logistics, transport and supply chain",2016-08-22 16:31:13
43,https://gradaustralia.com.au/graduate-employers/department-of-social-services,Department of Social Services, Grow your opportunities transform Australia’s future. The Department of Social Services DSS offers a challenging and meaningful career at the heart of the Australian Government s social policy agenda. It’s more than just a job. ,Public services and utilities,2016-08-22 16:31:15
44,https://gradaustralia.com.au/graduate-employers/department-of-the-prime-minister-and-cabinet-pmc,Department of the Prime Minister and Cabinet (PM&C), WHO ARE WE ,Public services and utilities,2016-08-22 16:31:17
45,https://gradaustralia.com.au/graduate-employers/department-of-the-treasury,Department of the Treasury, We’re looking for tomorrow’s capable and professional leaders to drive policy development and make a positive contribution to raising the living standards of all Australians. The Treasury offers firsthand experience of the workings of government and public policy development. You will learn to broaden your thinking meticulously analyse openly question creatively conceptualise and deliver policy advice. You will build relationships with our diverse stakeholders and be exposed to Australia’s complex economic policy and political environment. ,Public services and utilities,2016-08-22 16:31:18
46,https://gradaustralia.com.au/graduate-employers/department-of-veterans-affairs,Department of Veterans' Affairs, At the Department of Veterans’ Affairs our work makes a real difference in the lives of Australia’s veterans and their families. Our clients are diverse ranging from young children through contemporary veterans of operations in places like Afghanistan to war widows of First World War servicemen. We meet them during some of their most difficult times and are there to support their wellbeing throughout their lives. We are looking for people who are as committed to service excellence innovation and continuous improvement as we are. ,Public services and utilities,2016-08-22 16:31:20
47,https://gradaustralia.com.au/graduate-employers/dhl,DHL, Become a DHL Supply Chain Graduate. A career that will stimulate reward and motivate you like no other. We provide challenges and opportunities for personal and professional development. We recognise the difference you bring to our business and together we share the pride of building THE logistics company for the world. ,"Logistics, transport and supply chain",2016-08-22 16:31:22
48,https://gradaustralia.com.au/graduate-employers/dixon-advisory,Dixon Advisory, Education is the cornerstone of the Dixon Advisory community. We focus on continually educating and developing you so you can focus on building your career. You’ll benefit from constant access to senior staff and dedicated mentors a strong focus on technical training and direct client contact from day one. Enjoy a genuinely inclusive open and fun loving culture fostered through a myriad of company and staff organised events. Opportunity Graduate and Internship positions are available in ,Accountancy and financial management,2016-08-22 16:31:24
49,https://gradaustralia.com.au/graduate-employers/dla-piper,DLA Piper, We are also a law firm with momentum. Over the past decade DLA Piper has undergone rapid expansion responding to global markets and helping our clients deliver on their business strategies. In doing so we are uniquely placed to provide our people with the global career opportunities they are looking for. At its heart DLA Piper is an entrepreneurial and dynamic firm. We have a supportive and performance based culture founded on the diversity of our people the communities we operate in and the clients we work with. ,Law,2016-08-22 16:31:25
50,https://gradaustralia.com.au/graduate-employers/downer-group,Downer Group, We have a proud history dating back more than a century and our company has been built by bringing together great people to deliver excellent work for our customers. Today Downer employs about 20 000 people across more than 200 sites and projects mostly in Australia and New Zealand but also in the Asia Pacific region South America and Southern Africa. We are a leading provider to customers in critical markets including Transport Services Rail Mining Utilities Services Technology Communications Services and Engineering Construction Maintenance. ,"Civil engineering, building services and construction / Engineering services, design and manufacturing / Mining, energy, oil and gas",2016-08-22 16:31:27
51,https://gradaustralia.com.au/graduate-employers/duluxgroup,DuluxGroup, Imagine a better place... ,"Consumer goods, manufacturing and marketing",2016-08-22 16:31:29
52,https://gradaustralia.com.au/graduate-employers/ecoworld,Ecoworld , The Group is led by some of the most well known and respected players in the property industry. EcoWorld has amassed approximately 7 443.9 acres of landbank with a total gross development value GDV of RM81 billion. Currently EcoWorld has a presence in the Klang Valley Iskandar Malaysia and Penang with 17 projects in total comprising a product range that includes affordable upgrader and luxury homes integrated high rise developments and green business parks. ,"Civil engineering, building services and construction",2016-08-22 16:31:31
53,https://gradaustralia.com.au/graduate-employers/ericsson,Ericsson, Leading transformation through mobility Ericsson is a world leader in the rapidly changing environment of communications technology providing equipment software and services to enable transformation through mobility. Some 40 percent of global mobile traffic runs through networks we have supplied. More than 1 billion subscribers around the world rely every day on networks that we manage. With more than 37 000 granted patents we have one of the industry’s strongest intellectual property rights portfolios. ,"Engineering services, design and manufacturing / IT, technology and telecoms / Management consulting",2016-08-22 16:31:33
54,https://gradaustralia.com.au/graduate-employers/ey,EY, Do you think the world can work better We do. That’s why we’re committed to building a better working world. But we can’t do it without the right people. People who’ll think act and lead globally because that’s how business is now being done. One decision a lifetime of opportunity Wherever your career takes you the place you start will shape your career for years to come. At EY we’ll give you the flexibility to explore different opportunities so you can create a career that matches your professional goals. ,Accountancy and financial management,2016-08-22 16:31:35
55,https://gradaustralia.com.au/graduate-employers/flow-traders,Flow Traders, Flow Traders is a leading global technology enabled liquidity provider specialized in Exchange Traded Products ETPs . We are an independent principal trading firm with trading desks in Europe the US and Asia enabling us to provide liquidity on all major exchanges 24 hours a day continuously expanding our business by adding new products across an ever broadening range of markets around the globe. Flow Traders grew to be as successful as we are today out of the expertise and experience of our founding partners. We are now a listed company with a successful IPO in July 2015. ,"Banking, financial services and insurance / IT, technology and telecoms",2016-08-22 16:31:37
56,https://gradaustralia.com.au/graduate-employers/general-electric,General Electric, YOU GE Choose a graduate program with GE and the benefits really add up. STRENGTH When you choose GE you’re entering a strong global and long standing company with the potential to really take you places. We employ over 300 000 people in more than 150 countries around the globe including 40 000 in Asia Pacific. In Australia and New Zealand we have eight businesses ranging from healthcare to energy management and mining. PASSION ,"Engineering services, design and manufacturing",2016-08-22 16:31:39
57,https://gradaustralia.com.au/graduate-employers/gilbert-tobin,Gilbert + Tobin, If you share our ambition to be the best Gilbert Tobin will place you on that trajectory. We employ a diverse mix of talented and ambitious people who are attracted to the firm because of its entrepreneurial spirit creative approach and capacity for change. These are the reasons we enjoy a reputation as the most successful corporate law firm to emerge in Australia in many years. We advise many of Australia’s and the world’s leading organisations and focus on the most dynamic sectors. Our clients and projects span Australia Asia and emerging African markets. ,Law,2016-08-22 16:31:40
58,https://gradaustralia.com.au/graduate-employers/glaxosmithkline,GlaxoSmithKline, Early Talent at GSK Globally we have an extensive footprint. Focusing our work on Pharmaceuticals Vaccines and Consumer Healthcare our business spans more than 150 countries including major research and development centres in the UK US Spain Belgium and China. In Australia we employ 1 500 employees working across R D manufacturing sales and marketing and core business services such as HR and finance. ,"Accountancy and financial management / Consumer goods, manufacturing and marketing / Engineering services, design and manufacturing",2016-08-22 16:31:42
59,https://gradaustralia.com.au/graduate-employers/glencore,Glencore, Glencore’s global operations are comprised of over 150 mining and metallurgical sites oil production assets and agricultural facilities. With a strong footprint in both established and emerging regions for natural resources the Group’s activities are supported by a network of more than 90 offices in over 50 countries. ,"Accountancy and financial management / Logistics, transport and supply chain / Mining, energy, oil and gas",2016-08-22 16:31:44
60,https://gradaustralia.com.au/graduate-employers/goldman-sachs,Goldman Sachs, The organisation The Goldman Sachs Group Inc. is a leading global financial services securities and investment management firm that provides a wide range of financial services to a substantial and diversified client base that includes corporations financial institutions governments and high net worth individuals. Founded in 1869 the firm is headquartered in New York and maintains offices in all major financial centers around the world. ,Investment banking and investment,2016-08-22 16:31:46
61,https://gradaustralia.com.au/graduate-employers/google-australia,Google Australia, Founders Larry Page and Sergey Brin met at Stanford University in 1995. By 1996 they had built a search engine that used links to determine the importance of individual web pages. Today Google engineers use technology to solve some of the world’s biggest challenges. ,"IT, technology and telecoms / Media, marketing, advertising and PR / Science, research and development",2016-08-22 16:31:48
62,https://gradaustralia.com.au/graduate-employers/gradaustralia,GradAustralia, GradAustralia is a rapidly scaling startup with a mission to help every student get the best possible start to their career. This is not an easy task but since launching in 2015 we’ve already made big steps with a national publication distributed to 50 000 students annually and new online tools with reams of insider content giving students the edge they need to make their biggest decision. ,"Creative arts and culture / Human resources, recruitment and training / IT, technology and telecoms",2016-08-22 16:31:50
63,https://gradaustralia.com.au/graduate-employers/grant-thornton,Grant Thornton, The Grant Thornton Difference Grant Thornton is a different kind of advisory firm. Whether you are starting your career as a graduate or school leaver Grant Thornton can help you to stand out from the crowd. We provide audit tax and business advice solutions to mid size businesses. We’ve got the personal touch which larger firms often lack and our local and global networks are the envy of our smaller competitors. ,Accountancy and financial management,2016-08-22 16:31:51
64,https://gradaustralia.com.au/graduate-employers/henry-davis-york,Henry Davis York, HDY is one of Australia s leading independent law firms. We transform ideas and knowledge into outcomes that matter to our clients our people and our community. We know what we re good at and what we love doing and we focus on this. This alignment of focus expertise and insight has given us a strong reputation for partnering with clients in the financial services and government sectors. ,Law,2016-08-22 16:31:53
65,https://gradaustralia.com.au/graduate-employers/herbert-smith-freehills,Herbert Smith Freehills, Join us as a Herbert Smith Freehills graduate and you’ll do more than just experience life at a leading law firm you’ll be a part of everything we have to offer. Takeovers and mergers. Arbitration and litigation. We’ve got it all. And because we’re one of the world s leading law firms we also work with some of the biggest international organisations on some of their most ambitious projects. ,Law,2016-08-22 16:31:55
66,https://gradaustralia.com.au/graduate-employers/hewlett-packard-enterprise,Hewlett Packard Enterprise, History Hewlett Packard Enterprise got its start over 75 years ago because of two men who believed in their ideas. In 1939 our founders Bill Hewlett and Dave Packard started a revolution in a garage in Palo Alto California the original Silicon Valley startup known as Hewlett Packard HP . ,"IT, technology and telecoms",2016-08-22 16:31:57
67,https://gradaustralia.com.au/graduate-employers/honeywell,Honeywell, Honeywell invents and manufactures technologies to address some of the world’s toughest challenges initiated by revolutionary macrotrends in science technology and society. A Fortune 100 company we create solutions to improve the quality of life of people around the globe generating clean healthy energy and using it more efficiently. Increasing our safety and security. Enabling people around the world to connect communicate and collaborate. And equipping our customers to be even more productive. ,"Civil engineering, building services and construction / Engineering services, design and manufacturing / Science, research and development",2016-08-22 16:31:58
68,https://gradaustralia.com.au/graduate-employers/hsbc,HSBC, HSBC is one of the world’s largest banking and financial services organisations. We serve around 46 million customers through our four Global Businesses Retail Banking and Wealth Management Commercial Banking Global Banking and Markets and Global Private Banking. Our network covers 71 countries and territories in Europe Asia the Middle East and Africa North America and Latin America. ,"Banking, financial services and insurance",2016-08-22 16:32:00
69,https://gradaustralia.com.au/graduate-employers/intel,Intel , There’s More Inside Than You Ever Imagined You may know us for our processors. But we do so much more. Through computing innovation we push the boundaries of smart and connected technology to make amazing experiences possible for every person on Earth. From powering the latest devices and the cloud you depend on to driving policy diversity sustainability and education we create value for our stockholders customers and society. Inside Intel you’ll find scientists engineers accountants MBAs even a futurist. ,"Science, research and development",2016-08-22 16:32:02
70,https://gradaustralia.com.au/graduate-employers/ip-australia,IP Australia, At IP Australia we have a passion for bright ideas and the protection of them. We also have a passion for smart talented people and giving them opportunities to go further. We are responsible for administering intellectual property IP rights in Australia which includes the protection of inventions through patents logos and brands through trade marks the appearance of products through designs and new plant varieties through plant breeder’s rights.By granting IP rights we help to ,"Accountancy and financial management / Banking, financial services and insurance / Law / Public services and utilities",2016-08-22 16:32:04
71,https://gradaustralia.com.au/graduate-employers/ir,IR, IR is a leading global provider of proactive performance management software for critical IT infrastructure payments and communications ecosystems. More than 1000 organisations in over 60 countries including some of the world’s largest banks airlines and telecommunication companies rely on IR Prognosis software to provide businesscritical insights and ensure continuity critical systems deliver high availability and performance for millions of their customers across the globe. ,"IT, technology and telecoms",2016-08-22 16:32:06
72,https://gradaustralia.com.au/graduate-employers/iress,IRESS, At IRESS we’re all about conceptualising designing and developing software products for the global financial services sector. We’re a software product development house that’s grown from an Australian tech start up to a team of over 1 400 people in 14 locations globally. ,"IT, technology and telecoms",2016-08-22 16:32:07
73,https://gradaustralia.com.au/graduate-employers/king-wood-mallesons,King & Wood Mallesons, King Wood Mallesons is independently ranked as Australia’s market leading law firm and one of the Asia Pacific region’s largest and most influential. King Wood Mallesons offers a unique opportunity for ambitious graduates at the only top tier global law firm headquartered in Asia. ,Law,2016-08-22 16:32:09
74,https://gradaustralia.com.au/graduate-employers/kordamentha,KordaMentha, From the moment you start your career at KordaMentha you’ll discover that you aren’t working at a typical professional services firm. You’ll be able to immediately sink your teeth into meaningful and involving projects. As a specialist advisory and investment firm KordaMentha is a proud leader in our key markets with offices in Australia New Zealand and Singapore and an international network in cooperation with AlixPartners. ,Accountancy and financial management,2016-08-22 16:32:11
75,https://gradaustralia.com.au/graduate-employers/kpmg,KPMG, Take a tour of the office Use your mouse or trackpad to drag push and point to get a 360 view of the KPMG workplace. How we’ll take you beyond’ Interested in a career beyond accounting Our Advisory Audit and Tax teams are shaping the future of leading organisations across Australia. ,Accountancy and financial management / Management consulting,2016-08-22 16:32:13
76,https://gradaustralia.com.au/graduate-employers/kraft-heinz-company,Kraft Heinz Company, The H.J. Heinz Company headquartered in Pittsburgh Pennsylvania has been producing high quality foods for 145 years. Famous for our iconic brands on all continents Heinz provides delicious nutritious and convenient foods for families in 200 countries around the world. Heinz is segmented into five global zones North America Europe Asia Pacific APAC Russia Middle East Africa India RMEA I and Latin America LATAM . Our commitment to providing a variety of wholesome foods with an unwavering emphasis on quality makes Heinz like no other company on earth. ,"Consumer goods, manufacturing and marketing",2016-08-22 16:32:15
77,https://gradaustralia.com.au/graduate-employers/loreal,L'Oréal, The L’Or al Group is the largest beauty company in the world and we are passionate about delivering our mission Beauty for All. With 25 brands in the Australia market we offer a breadth of experience across our four divisions Consumer Products Luxe Professional Products and Active Cosmetics as well as support units such as Finance IT HR and Operations. We are driven by our six founding values and they are expressed in the daily actions of our teams across the globe. ,"Consumer goods, manufacturing and marketing / Logistics, transport and supply chain / Media, marketing, advertising and PR",2016-08-22 16:32:17
78,https://gradaustralia.com.au/graduate-employers/leidos-pty-ltd,Leidos Pty Ltd, Leidos Inc is a FORTUNE 500 global science and technology solutions leader working to solve the world s toughest challenges in the defence intelligence homeland security civil and health markets. The company s 33 000 employees support vital missions for government and commercial customers. ,"IT, technology and telecoms",2016-08-22 16:32:19
79,https://gradaustralia.com.au/graduate-employers/lendlease,Lendlease, COMPANIES MUST START JUSTIFYING THEIR WORTH TO SOCIETY WITH GREATER EMPHASIS PLACED ON ENVIRONMENTAL AND SOCIAL IMPACT RATHER THAN STRAIGHT ECONOMICS. ,"Civil engineering, building services and construction / Property and real estate",2016-08-22 16:32:21
80,https://gradaustralia.com.au/graduate-employers/linfox,Linfox, Linfox delivers service excellence and adaptable supply chain solutions across the Asia Pacific. We are more than 23 000 people in 10 countries committed to five business sectors Government and Defence Retail Fast Moving Consumer Goods Linehaul and Resources and Industrial. With international leading IT systems a world class vehicle fleet specialised facilities including pharmaceutical and multi user distribution centres the potential for growth is unlimited. ,"Logistics, transport and supply chain",2016-08-22 16:32:23
81,https://gradaustralia.com.au/graduate-employers/lockheed-martin,Lockheed Martin, Everything we do at Lockheed Martin is rootedin innovation and integrity in our commitment to set the highest ethical standards and in our ability to embrace important world changing work that benefits our nation our allies and people in general. ,"Engineering services, design and manufacturing",2016-08-22 16:32:24
82,https://gradaustralia.com.au/graduate-employers/maybank,Maybank, Maybank is present in 19 countries including all 10 ASEAN nations as well as global financial centres in New York London and Hong Kong. Its workforce of over 46 000 is ethnically diverse and comprises various nationalities. With its network of 2 400 offices and history of 55 years Maybank has built on its expertise in a wide area of financial services including commercial banking investment banking stockbroking insurance and Takaful Islamic banking offshore banking asset management venture capital financing and internet banking. ,"Banking, financial services and insurance",2016-08-22 16:32:26
83,https://gradaustralia.com.au/graduate-employers/microsoft,Microsoft, Achieving that mission begins and ends with people. Our people and the people we provide products and services to whether they’re organisations or individuals. We seek deep meaning in our work. We are a customer obsessed diverse and inclusive family of individuals united by a single shared mission. At Microsoft we hire all sorts of people. Of course we want those who can create ideas and build technology but equally as important we also embrace those who can sell and market the finished products to individuals and organisations across the world. ,"Engineering services, design and manufacturing / IT, technology and telecoms / Science, research and development",2016-08-22 16:32:29
84,https://gradaustralia.com.au/graduate-employers/minterellison,MinterEllison, MinterEllison is one of Asia Pacific s leading law firms. Established in Sydney in 1827 our firm today operates in Australia Hong Kong mainland China Mongolia New Zealand and the United Kingdom through a network of integrated offices and associated offices. ,Law,2016-08-22 16:32:31
85,https://gradaustralia.com.au/graduate-employers/mott-macdonald,Mott MacDonald, Mott MacDonald is a global management engineering and development consultancy adding value for public and private clients on agenda setting nextgeneration projects worldwide. ,"Civil engineering, building services and construction",2016-08-22 16:32:32
86,https://gradaustralia.com.au/graduate-employers/national-australia-bank-ltd,National Australia Bank Ltd, National Australia Bank Group NAB is a financial services organisation with over 12 700 000 customers and 42 000 people operating more than 1 700 stores and business banking centres globally. Our major financial services franchises in Australia are complemented by businesses in New Zealand Asia and the United Kingdom. Each of our brands is uniquely positioned but built on a common commitment to provide our customers with quality products and services fair fees and charges and relationships built on the principles of help guidance and advice. ,"Accountancy and financial management / Banking, financial services and insurance / IT, technology and telecoms",2016-08-22 16:32:34
87,https://gradaustralia.com.au/graduate-employers/nera-economic-consulting,Nera Economic Consulting, NERA Economic Consulting offers an intellectually challenging environment in which there are continuous learning opportunities. You will work with one of the largest in house teams of experts in the economic consulting world. ,Management consulting,2016-08-22 16:32:36
88,https://gradaustralia.com.au/graduate-employers/nestle,Nestlé, Iconic brands. World class products. There’s more to life at Nestl . Ready for your big break Imagine being part of a global success story working with iconic brands and world class products. This could be you and your future career because we know it’s the graduates of today that shape tomorrow. When you join Nestl you become part of the world’s biggest nutrition health and wellness company. Our brands touch every aspect of consumers’ lives and every day we’re committed to live our promise Good Food Good Life. ,"Consumer goods, manufacturing and marketing",2016-08-22 16:32:38
89,https://gradaustralia.com.au/graduate-employers/nsw-treasury,NSW Treasury, Over its 191 years NSW Treasury has played a significant role in shaping the history of our nation. Today with over 500 analysts economists and advisors from all backgrounds NSW Treasury continues to help the Government to deliver on its promises to the people of New South Wales to make the State a great place to live and work.Why we stand out from the crowd ,"Accountancy and financial management / Banking, financial services and insurance / Law",2016-08-22 16:32:39
90,https://gradaustralia.com.au/graduate-employers/optus,Optus, The fast pace of today’s world is driven by technology we use it to keep connected with friends family and colleagues to make purchases to play games to listen to music on demand consume entertainment on demand and to keep in touch with the world around us. A career in the technology industry promises to be an exciting one full of innovation change growth and opportunity. ,"IT, technology and telecoms",2016-08-22 16:32:41
91,https://gradaustralia.com.au/graduate-employers/orica,Orica, About Orica Orica provides market leading customer solutions to improve productivity and resource efficiency in the mining quarrying oil and gas and infrastructure sectors. An Australian company with a global footprint Orica has a diverse workforce of over 12 500 people with operations in more than 50 countries and customers in more than 100. Orica’s value of No Accidents Today underpins our commitment to the safety health and wellbeing of our people and customers the environment and the communities in which we operate. ,"Engineering services, design and manufacturing / Mining, energy, oil and gas",2016-08-22 16:32:43
92,https://gradaustralia.com.au/graduate-employers/partners-in-performance,Partners in Performance, PIP is a unique and dynamic management consulting firm that delivers big rapid sustainable results for clients. Our firm was built around the simple premise that clients are looking for bottom line results not ideas that may or may not be implemented. We deliver this by partnering with clients and by coaching them in real time to create measurable and sustainable results. ,Management consulting,2016-08-22 16:32:45
93,https://gradaustralia.com.au/graduate-employers/pernod-ricard-winemakers,Pernod Ricard Winemakers, Are you passionate about wine Do you love education and sharing your knowledge and enthusiasm Pernod Ricard Winemakers Graduate Wine Ambassadors Program is an unique lifetime experience to start a life long career in the wine industry working all over the world. ,"Consumer goods, manufacturing and marketing / Media, marketing, advertising and PR / Retail, sales and customer services",2016-08-22 16:32:46
94,https://gradaustralia.com.au/graduate-employers/port-jackson-partners,Port Jackson Partners, We are Port Jackson Partners a specialist strategy consulting firm. We work with our clients on big picture corporate issues providing advice directly to CEOs Boards and senior managers. ,Management consulting,2016-08-22 16:32:48
95,https://gradaustralia.com.au/graduate-employers/procter-gamble,Procter & Gamble, At P G we see big potential in life’s little moments. Brushing teeth. Washing hair. Showering. Shaving. Cleaning the house. Doing the dishes and the laundry. We make the products that help make these moments a little easier. Our market leading brands touch improve the lives of almost 5 billion consumers across the world every day. Our brand portfolio contains household names such as Gillette Head Shoulders Olay Oral B Pantene among others. We’ve been a successful global company for 180 years and it’s our people that are the heart of our success. ,"Consumer goods, manufacturing and marketing / Media, marketing, advertising and PR / Retail, sales and customer services",2016-08-22 16:32:50
96,https://gradaustralia.com.au/graduate-employers/pwc,PwC, PwC Australia helps organisations and individuals create the value they’re looking for. We’re a member firm of network of firms in 157 countries with more than 190 000 people who are committed to delivering quality in assurance advisory tax legal and private clients services. ,"Accountancy and financial management / Banking, financial services and insurance / IT, technology and telecoms / Management consulting",2016-08-22 16:32:52
97,https://gradaustralia.com.au/graduate-employers/qantas,Qantas, Today the Qantas Group is a diverse global aviation business that operates more than 7 300 flights each week and together with its codeshare and oneworld partners offers flights to more than 1000 destinations around the world. The Qantas Group’s fleet numbers 292 aircraft with an average age of 7.6 years the youngest in two decades including the acclaimed Qantas A380 and the Jetstar Boeing 787 Dreamliner. ,"Logistics, transport and supply chain",2016-08-22 16:32:53
98,https://gradaustralia.com.au/graduate-employers/rb,RB, With a purpose of delivering innovative solutions for healthier lives and happier homes RB is in the top 20 of companies listed on the London Stock Exchange. Today it is the global No 1 or No 2 in the majority of its fast growing categories driven by an exceptional rate of innovation. Its health hygiene and home portfolio is led by 19 global Powerbrands of Nurofen Strepsils Gaviscon Durex Scholl Clearasil Dettol Veet Harpic Bang Mortein Finish Vanish and Air Wick. ,"Consumer goods, manufacturing and marketing",2016-08-22 16:32:55
99,https://gradaustralia.com.au/graduate-employers/reserve-bank-of-australia,Reserve Bank of Australia, Graduate Careers at the Reserve Bank of Australia The Reserve Bank of Australia s core values promotion of the public interest integrity excellence intelligent inquiry and respect guide everything we do. Our people have a genuine interest in promoting the wellbeing of all Australians and are committed to diversity and inclusion. We aim to ensure that all employees are treated with dignity and respect and that they experience equal opportunity throughout their careers. ,"Banking, financial services and insurance / Investment banking and investment / IT, technology and telecoms",2016-08-22 16:32:57
100,https://gradaustralia.com.au/graduate-employers/resmed,ResMed, The global team at ResMed is united in the commitment to change millions of lives with every breath. With more than 4 000 employees and a presence in over 100 countries the company has pioneered innovative devices for the diagnosis treatment and management of sleepdisordered breathing chronic obstructive pulmonary disease and other chronic conditions for more than 25 years. ResMed’s world leading products and connected healthcare solutions improve the quality of life for millions of patients worldwide reduce the impact of chronic disease and save healthcare costs. ,"Engineering services, design and manufacturing / Science, research and development",2016-08-22 16:32:59
101,https://gradaustralia.com.au/graduate-employers/rio-tinto,Rio Tinto, Rio Tinto is a leading global mining and metals company. Our focus is on finding mining and processing the Earth’s mineral resources. Our 55 000 plus people work in more than 40 countries across six continents including in some of the most difficult terrains and climates. We are strongly represented in Australia and North America and also have significant businesses in Asia Europe Africa and South America. ,"Mining, energy, oil and gas",2016-08-22 16:33:00
102,https://gradaustralia.com.au/graduate-employers/royal-military-college,Royal Military College, No ordinary graduate opportunity The Australian Army is a versatile and modern team that helps protect our country our interests and our people both here and overseas. Our core values are built upon courage initiative respect and teamwork. ,,2016-08-22 16:33:02
103,https://gradaustralia.com.au/graduate-employers/samsung,Samsung, Samsung is one of the world’s leading electronics companies. We have achieved this position because our vision is firmly grounded in our core strengths values and goals. At Samsung we strive to inspire the world and to help create a future that is based on creativity innovation and technology. In other words Samsung wants to help people to have new experiences and discover new possibilities every day. ,"IT, technology and telecoms",2016-08-22 16:33:04
104,https://gradaustralia.com.au/graduate-employers/santos,Santos, An Australian energy pioneer since 1954 Santos is a leading oil and gas producer supplying Australianand Asian customers. With its origins in the Cooper Basin Santos is one of Australia’s largest producers of gas to the domestic market and has the largest exploration and production acreage position in Australia of any company.Santos has also developed major oil and liquids businesses in Australia and operates in all mainland Australian states and the Northern Territory. ,"Mining, energy, oil and gas",2016-08-22 16:33:06
105,https://gradaustralia.com.au/graduate-employers/sas,SAS, SAS is the leader in analytics. Through innovative analytics business intelligence and data management software and services SAS helps customers at more than 75 000 sites make better decisions faster. Since 1976 SAS has been giving customers around the world THE POWER TO KNOW . ,"IT, technology and telecoms / Science, research and development",2016-08-22 16:33:08
106,https://gradaustralia.com.au/graduate-employers/schlumberger,Schlumberger, We’re looking for graduates to begin dynamic careers in the following domains Engineering research and operations Geoscience and petrotechnical Commercial and business We’re committed to develop our people. Trainees initially follow a fixed step training program for approximately three years. No matter what your background you receive the right training to develop quickly and advance. The program blends technical safety personal development business and managerial courses and on the job validated training. ,"Mining, energy, oil and gas",2016-08-22 16:33:10
107,https://gradaustralia.com.au/graduate-employers/schneider-electric,Schneider Electric, Schneider Electric is the global specialist in energy management and automation. We embrace a high performance culture by being straightforward accepting of challenge open passionate and effective. We see a change in our world more profound than ever driven by a new scale and speed of urbanisation digitisation and industrialisation. New technologies enabling distributed and connected energy for the first time challenge us to redefine the way we live our lives. ,"Engineering services, design and manufacturing",2016-08-22 16:33:12
108,https://gradaustralia.com.au/graduate-employers/sensis,Sensis, Sensis is Australia’s 1 marketing services company. Sensis engages Australian consumers with businesses through its leading digital brands search engine marketing and optimisation services website products social data and mapping solutions and through its digital advertising agency Found. Sensis is also Australia’s largest print directory publisher. It’s an exciting time to join Sensis. We’re transforming into a nimbler smarter company with a focus on customers and happy staff. ,"IT, technology and telecoms / Media, marketing, advertising and PR / Retail, sales and customer services",2016-08-22 16:33:14
109,https://gradaustralia.com.au/graduate-employers/shell,Shell, Powering Progress Together Shell employees work together in 70 countries innovating collaborating and co creating solutions to the planet’s greatest challenges sustainable energy food and water. Together they are shaping the future of sustainable energy transforming the future of Shell and developing their own remarkable careers. The Shell Graduate Programme ,"Engineering services, design and manufacturing / Mining, energy, oil and gas / Science, research and development",2016-08-22 16:33:16
110,https://gradaustralia.com.au/graduate-employers/sig-susquehanna,SIG Susquehanna, We commit our own capital to trade financial products around the world. Building virtually all of our own trading technology from scratch we are leaders and innovators in high performance low latency trading. Our traders quants developers and systems engineers work side by side to develop and implement our trading strategies. Each individual brings their unique expertise every day to help us make optimal decisions in the global financial markets. Our culture is strong and deeply embedded in our approach to business. We care about ,"Accountancy and financial management / Banking, financial services and insurance / IT, technology and telecoms",2016-08-22 16:33:18
111,https://gradaustralia.com.au/graduate-employers/suncorp-group,Suncorp Group, Suncorp Group includes leading general insurance banking life insurance and superannuation brands in Australia and New Zealand. The Group has 14 500 employees and relationships with nine million customers. Suncorp Group Limited is a top 15 ASX listed company with 94 billion in assets. ,"Banking, financial services and insurance",2016-08-22 16:33:20
112,https://gradaustralia.com.au/graduate-employers/swire,Swire, Swire’s longstanding commitment to excellence professionalism and integrity has driven our success for nearly 200 years and it will be our driving force for the future. That tradition is alive and well in our management trainee programme which provides the brightest and boldest with a chance to shine. If you’re excited by adventure and the idea of pushing past your comfort zone you could join a select group of graduates on our challenging and highly rewarding programme.in the Australian Group. About Swire ,"Logistics, transport and supply chain / Mining, energy, oil and gas",2016-08-22 16:33:22
113,https://gradaustralia.com.au/graduate-employers/teach-for-australia,Teach For Australia, WE EXIST TO CHANGE LIVES. Australia has one of the least equitable education systems in the developed world. Teach For Australia is part of a global movement dedicated to breaking the cycle of disadvantage through teaching and leadership in education. We attract outstanding graduates and professionals from all academic disciplines who commit to teaching in an educationally disadvantaged school for at least two years. ,"Charity, social and voluntary work / Public services and utilities / Teaching and education",2016-08-22 16:33:23
114,https://gradaustralia.com.au/graduate-employers/the-boston-consulting-group,The Boston Consulting Group, Build. Connect. Grow. with BCG Build. In an increasingly complex world we go deep to unlock insight and have the courage to act. Connect. It s pretty simple we genuinely want to help our clients and each other succeed. Grow. To truly develop yourself you have to challenge established thinking. You have to seek a better way. ,Management consulting,2016-08-22 16:33:25
115,https://gradaustralia.com.au/graduate-employers/thoughtworks,ThoughtWorks, If you have stumbled across us and have no idea who we are ThoughtWorks is a software company with over 3000 employees spread across 30 offices in 12 countries. We’re also an amazing collection of humans hired for our passion integrity and special powers. The company was founded as a social experiment what happens when you hire really smart passionate people and set them loose on really tough problems 20 years on this collection of people has helped shape the IT industry. ,"IT, technology and telecoms",2016-08-22 16:33:27
116,https://gradaustralia.com.au/graduate-employers/trm-partners,TRM Partners, A London and Melbourne based start up agency backed by a strong consortium of investors well connected within the sports and music industry. TRM acts as a resource agency to service the sponsorship requirements of top tier sports music and entertainment personnel around the world. This is an exciting opportunity to join the research function of a fast paced sports agency in TRM’s new office in Melbourne. ,"Media, marketing, advertising and PR",2016-08-22 16:33:28
117,https://gradaustralia.com.au/graduate-employers/turkslegal,TurksLegal, At TurksLegal we are dedicated to attracting and nurturing the best talent in the industry. We believe in offering the right balance of support motivation and hands on’ experience to enable our team members to be the very best colleagues and individuals they can be. A career at TurksLegal means working with passionate and talented lawyers who have outstanding reputations in their areas of legal expertise. This also means working with some of Australia’s leading financial services brands. ,Law,2016-08-22 16:33:30
118,https://gradaustralia.com.au/graduate-employers/ubs,UBS, UBS is a global financial services firm committed to providing private institutional and corporate clients worldwide as well as retail clients in Switzerland with superior financial advice and solutions while generating attractive and sustainable returns for shareholders. ,"Accountancy and financial management / Banking, financial services and insurance / Investment banking and investment",2016-08-22 16:33:32
119,https://gradaustralia.com.au/graduate-employers/ugl,UGL, UGL provides end to end outsourced engineering construction asset management and maintenance services with a diversified end market exposure across the core sectors of rail transport technology systems power resources water and defence. UGL’s services are underpinned by a track record that spans over 115 years. Today we employee over 7 700 people with annual revenue in excess of 2.2 billion across Australia New Zealand and South East Asia. ,"Engineering services, design and manufacturing",2016-08-22 16:33:34
120,https://gradaustralia.com.au/graduate-employers/unilever,Unilever, With more than 400 brands focused on health and wellbeing no company touches so many people’s lives in so many different ways. Our portfolio ranges from nutritionally balanced foods to indulgent ice creams affordable soaps luxurious shampoos and everyday household care products. We produce world leading brands including Lipton Magnum and OMO alongside trusted local names such as Rexona Continental and Streets Ice Cream. ,"Accountancy and financial management / Consumer goods, manufacturing and marketing / Logistics, transport and supply chain / Media, marketing, advertising and PR / Retail, sales and customer services",2016-08-22 16:33:36
121,https://gradaustralia.com.au/graduate-employers/westpac,Westpac, Did you know that we ve been around longer than any other bank in Australia Since 1817 to be exact. And while we ve grown up as a company and our family has gotten bigger our goals haven t changed. We want to be courageous in the market make a difference to our world and give our customers the best possible service experience. As home to some of Australia’s most well known financial services brands we work with people of all walks of life so whether you know banking or not your passion and attitude is what’s important to us. ,"Banking, financial services and insurance / Investment banking and investment / IT, technology and telecoms",2016-08-22 16:33:38
